tokenizer,pos_tagger,total_time,avg_time_per_sample
underthesea,underthesea,0.3217594623565674,0.01608797311782837
underthesea,pyvi,0.03793811798095703,0.0018969058990478515
pyvi,underthesea,0.05937075614929199,0.0029685378074645998
pyvi,pyvi,0.010615825653076172,0.0005307912826538086
hybrid,underthesea,0.056020498275756836,0.002801024913787842
hybrid,pyvi,0.021247148513793945,0.0010623574256896974
